time [UTC],Facebook,Reddit,Snapchat,Threads,TikTok
2021-08-01,82.0,22.0,3.0,1.0,8.0
2021-09-01,85.5,22.0,3.25,1.0,8.75
2021-10-01,86.6,22.4,3.8,1.0,8.0
2021-11-01,80.0,22.5,3.0,1.0,7.5
2021-12-01,80.75,24.0,3.5,1.0,8.25
2022-01-01,72.6,28.8,3.2,1.0,8.8
2022-02-01,74.75,32.25,3.0,1.0,8.25
2022-03-01,70.25,31.0,3.0,1.0,8.5
2022-04-01,73.0,31.5,3.0,1.0,9.5
2022-05-01,71.0,29.8,3.0,1.0,8.8
2022-06-01,71.0,29.75,3.0,1.0,9.0
2022-07-01,72.0,29.6,3.8,1.0,9.4
2022-08-01,71.5,30.0,3.75,1.0,9.25
2022-09-01,72.25,32.0,4.25,1.0,8.5
2022-10-01,70.4,31.4,3.6,1.0,8.8
2022-11-01,69.25,31.25,3.75,1.0,8.25
2022-12-01,71.5,33.25,3.75,1.0,8.5
2023-01-01,70.8,34.4,3.8,1.0,8.6
2023-02-01,70.0,33.25,4.0,1.0,8.25
2023-03-01,68.75,33.25,4.0,1.0,9.25
2023-04-01,68.6,34.8,5.4,1.0,8.6
2023-05-01,66.5,34.0,4.0,1.0,8.5
2023-06-01,66.0,34.5,4.0,1.0,8.25
2023-07-01,66.2,36.0,3.6,3.4,8.4
2023-08-01,65.0,37.25,3.75,1.0,8.25
2023-09-01,66.5,36.75,3.5,1.0,8.0
2023-10-01,64.6,38.2,3.8,1.0,8.2
2023-11-01,63.25,37.75,3.75,1.0,8.0
2023-12-01,64.0,39.8,3.8,1.0,8.0
2024-01-01,62.0,41.0,3.5,1.0,7.75
2024-02-01,57.5,40.75,4.0,1.0,7.75
2024-03-01,56.0,41.2,4.0,1.0,8.2
2024-04-01,55.25,42.0,4.0,1.0,8.25
2024-05-01,52.25,40.75,4.0,1.0,8.0
2024-06-01,51.0,41.0,3.8,1.0,8.0
2024-07-01,50.0,43.0,4.0,1.0,7.75
2024-08-01,50.0,41.5,5.0,1.0,8.0
2024-09-01,50.6,44.0,4.0,1.0,8.0
2024-10-01,47.0,46.0,3.75,1.0,8.25
2024-11-01,45.0,44.25,4.0,1.0,8.25
2024-12-01,47.6,46.2,3.8,1.0,8.4
2025-01-01,46.75,48.25,4.0,1.0,13.5
2025-02-01,46.0,45.75,4.0,1.0,8.0
2025-03-01,44.2,43.4,4.0,1.0,8.8
