category_name,brand_name,month,trends_index,raw_index,batch,scale_factor,stitch_flag
Skincare,Avène,2021-08-01,9.0,9.0,0,1.0,
Skincare,Avène,2021-09-01,9.0,9.0,0,1.0,
Skincare,Avène,2021-10-01,8.2,8.2,0,1.0,
Skincare,Avène,2021-11-01,7.25,7.25,0,1.0,
Skincare,Avène,2021-12-01,7.0,7.0,0,1.0,
Skincare,Avène,2022-01-01,8.2,8.2,0,1.0,
Skincare,Avène,2022-02-01,7.5,7.5,0,1.0,
Skincare,Avène,2022-03-01,7.25,7.25,0,1.0,
Skincare,Avène,2022-04-01,8.5,8.5,0,1.0,
Skincare,Avène,2022-05-01,7.8,7.8,0,1.0,
Skincare,Avène,2022-06-01,8.25,8.25,0,1.0,
Skincare,Avène,2022-07-01,11.4,11.4,0,1.0,
Skincare,Avène,2022-08-01,10.5,10.5,0,1.0,
Skincare,Avène,2022-09-01,9.75,9.75,0,1.0,
Skincare,Avène,2022-10-01,9.0,9.0,0,1.0,
Skincare,Avène,2022-11-01,10.5,10.5,0,1.0,
Skincare,Avène,2022-12-01,10.0,10.0,0,1.0,
Skincare,Avène,2023-01-01,10.0,10.0,0,1.0,
Skincare,Avène,2023-02-01,9.5,9.5,0,1.0,
Skincare,Avène,2023-03-01,8.75,8.75,0,1.0,
Skincare,Avène,2023-04-01,10.8,10.8,0,1.0,
Skincare,Avène,2023-05-01,13.25,13.25,0,1.0,
Skincare,Avène,2023-06-01,11.5,11.5,0,1.0,
Skincare,Avène,2023-07-01,13.4,13.4,0,1.0,
Skincare,Avène,2023-08-01,15.75,15.75,0,1.0,
Skincare,Avène,2023-09-01,16.0,16.0,0,1.0,
Skincare,Avène,2023-10-01,13.6,13.6,0,1.0,
Skincare,Avène,2023-11-01,13.5,13.5,0,1.0,
Skincare,Avène,2023-12-01,12.2,12.2,0,1.0,
Skincare,Avène,2024-01-01,16.0,16.0,0,1.0,
Skincare,Avène,2024-02-01,12.0,12.0,0,1.0,
Skincare,Avène,2024-03-01,13.2,13.2,0,1.0,
Skincare,Avène,2024-04-01,15.25,15.25,0,1.0,
Skincare,Avène,2024-05-01,13.5,13.5,0,1.0,
Skincare,Avène,2024-06-01,12.6,12.6,0,1.0,
Skincare,Avène,2024-07-01,15.5,15.5,0,1.0,
Skincare,Avène,2024-08-01,13.25,13.25,0,1.0,
Skincare,Avène,2024-09-01,14.4,14.4,0,1.0,
Skincare,Avène,2024-10-01,13.25,13.25,0,1.0,
Skincare,Avène,2024-11-01,14.75,14.75,0,1.0,
Skincare,Avène,2024-12-01,12.6,12.6,0,1.0,
Skincare,Avène,2025-01-01,15.5,15.5,0,1.0,
Skincare,Avène,2025-02-01,12.25,12.25,0,1.0,
Skincare,Avène,2025-03-01,11.2,11.2,0,1.0,
Skincare,Dr Dennis Gross,2021-08-01,4.0,4.0,0,1.0,
Skincare,Dr Dennis Gross,2021-09-01,3.5,3.5,0,1.0,
Skincare,Dr Dennis Gross,2021-10-01,3.4,3.4,0,1.0,
Skincare,Dr Dennis Gross,2021-11-01,3.25,3.25,0,1.0,
Skincare,Dr Dennis Gross,2021-12-01,2.75,2.75,0,1.0,
Skincare,Dr Dennis Gross,2022-01-01,4.2,4.2,0,1.0,
Skincare,Dr Dennis Gross,2022-02-01,3.0,3.0,0,1.0,
Skincare,Dr Dennis Gross,2022-03-01,3.5,3.5,0,1.0,
Skincare,Dr Dennis Gross,2022-04-01,3.25,3.25,0,1.0,
Skincare,Dr Dennis Gross,2022-05-01,3.0,3.0,0,1.0,
Skincare,Dr Dennis Gross,2022-06-01,3.25,3.25,0,1.0,
Skincare,Dr Dennis Gross,2022-07-01,3.6,3.6,0,1.0,
Skincare,Dr Dennis Gross,2022-08-01,4.5,4.5,0,1.0,
Skincare,Dr Dennis Gross,2022-09-01,4.5,4.5,0,1.0,
Skincare,Dr Dennis Gross,2022-10-01,4.8,4.8,0,1.0,
Skincare,Dr Dennis Gross,2022-11-01,4.25,4.25,0,1.0,
Skincare,Dr Dennis Gross,2022-12-01,4.75,4.75,0,1.0,
Skincare,Dr Dennis Gross,2023-01-01,4.8,4.8,0,1.0,
Skincare,Dr Dennis Gross,2023-02-01,3.75,3.75,0,1.0,
Skincare,Dr Dennis Gross,2023-03-01,3.5,3.5,0,1.0,
Skincare,Dr Dennis Gross,2023-04-01,4.8,4.8,0,1.0,
Skincare,Dr Dennis Gross,2023-05-01,4.5,4.5,0,1.0,
Skincare,Dr Dennis Gross,2023-06-01,4.75,4.75,0,1.0,
Skincare,Dr Dennis Gross,2023-07-01,4.6,4.6,0,1.0,
Skincare,Dr Dennis Gross,2023-08-01,6.0,6.0,0,1.0,
Skincare,Dr Dennis Gross,2023-09-01,4.5,4.5,0,1.0,
Skincare,Dr Dennis Gross,2023-10-01,4.2,4.2,0,1.0,
Skincare,Dr Dennis Gross,2023-11-01,5.25,5.25,0,1.0,
Skincare,Dr Dennis Gross,2023-12-01,5.6,5.6,0,1.0,
Skincare,Dr Dennis Gross,2024-01-01,5.5,5.5,0,1.0,
Skincare,Dr Dennis Gross,2024-02-01,4.75,4.75,0,1.0,
Skincare,Dr Dennis Gross,2024-03-01,4.8,4.8,0,1.0,
Skincare,Dr Dennis Gross,2024-04-01,4.25,4.25,0,1.0,
Skincare,Dr Dennis Gross,2024-05-01,4.5,4.5,0,1.0,
Skincare,Dr Dennis Gross,2024-06-01,3.4,3.4,0,1.0,
Skincare,Dr Dennis Gross,2024-07-01,5.5,5.5,0,1.0,
Skincare,Dr Dennis Gross,2024-08-01,4.5,4.5,0,1.0,
Skincare,Dr Dennis Gross,2024-09-01,4.4,4.4,0,1.0,
Skincare,Dr Dennis Gross,2024-10-01,4.25,4.25,0,1.0,
Skincare,Dr Dennis Gross,2024-11-01,4.5,4.5,0,1.0,
Skincare,Dr Dennis Gross,2024-12-01,4.8,4.8,0,1.0,
Skincare,Dr Dennis Gross,2025-01-01,5.0,5.0,0,1.0,
Skincare,Dr Dennis Gross,2025-02-01,4.0,4.0,0,1.0,
Skincare,Dr Dennis Gross,2025-03-01,4.0,4.0,0,1.0,
Skincare,Go-To,2021-08-01,0.0,0.0,0,1.0,
Skincare,Go-To,2021-09-01,0.0,0.0,0,1.0,
Skincare,Go-To,2021-10-01,0.0,0.0,0,1.0,
Skincare,Go-To,2021-11-01,0.0,0.0,0,1.0,
Skincare,Go-To,2021-12-01,0.0,0.0,0,1.0,
Skincare,Go-To,2022-01-01,0.0,0.0,0,1.0,
Skincare,Go-To,2022-02-01,0.0,0.0,0,1.0,
Skincare,Go-To,2022-03-01,0.0,0.0,0,1.0,
Skincare,Go-To,2022-04-01,0.0,0.0,0,1.0,
Skincare,Go-To,2022-05-01,0.0,0.0,0,1.0,
Skincare,Go-To,2022-06-01,4.75,4.75,0,1.0,
Skincare,Go-To,2022-07-01,5.8,5.8,0,1.0,
Skincare,Go-To,2022-08-01,6.75,6.75,0,1.0,
Skincare,Go-To,2022-09-01,6.0,6.0,0,1.0,
Skincare,Go-To,2022-10-01,5.8,5.8,0,1.0,
Skincare,Go-To,2022-11-01,7.75,7.75,0,1.0,
Skincare,Go-To,2022-12-01,7.0,7.0,0,1.0,
Skincare,Go-To,2023-01-01,4.2,4.2,0,1.0,
Skincare,Go-To,2023-02-01,3.5,3.5,0,1.0,
Skincare,Go-To,2023-03-01,4.0,4.0,0,1.0,
Skincare,Go-To,2023-04-01,5.6,5.6,0,1.0,
Skincare,Go-To,2023-05-01,4.0,4.0,0,1.0,
Skincare,Go-To,2023-06-01,5.5,5.5,0,1.0,
Skincare,Go-To,2023-07-01,3.8,3.8,0,1.0,
Skincare,Go-To,2023-08-01,3.75,3.75,0,1.0,
Skincare,Go-To,2023-09-01,3.75,3.75,0,1.0,
Skincare,Go-To,2023-10-01,4.6,4.6,0,1.0,
Skincare,Go-To,2023-11-01,5.75,5.75,0,1.0,
Skincare,Go-To,2023-12-01,4.4,4.4,0,1.0,
Skincare,Go-To,2024-01-01,3.25,3.25,0,1.0,
Skincare,Go-To,2024-02-01,3.25,3.25,0,1.0,
Skincare,Go-To,2024-03-01,3.0,3.0,0,1.0,
Skincare,Go-To,2024-04-01,3.0,3.0,0,1.0,
Skincare,Go-To,2024-05-01,3.25,3.25,0,1.0,
Skincare,Go-To,2024-06-01,4.0,4.0,0,1.0,
Skincare,Go-To,2024-07-01,3.0,3.0,0,1.0,
Skincare,Go-To,2024-08-01,3.5,3.5,0,1.0,
Skincare,Go-To,2024-09-01,3.0,3.0,0,1.0,
Skincare,Go-To,2024-10-01,4.25,4.25,0,1.0,
Skincare,Go-To,2024-11-01,5.5,5.5,0,1.0,
Skincare,Go-To,2024-12-01,4.0,4.0,0,1.0,
Skincare,Go-To,2025-01-01,3.0,3.0,0,1.0,
Skincare,Go-To,2025-02-01,2.75,2.75,0,1.0,
Skincare,Go-To,2025-03-01,2.8,2.8,0,1.0,
Skincare,La Roche-Posay,2021-08-01,29.0,29.0,0,1.0,
Skincare,La Roche-Posay,2021-09-01,30.0,30.0,0,1.0,
Skincare,La Roche-Posay,2021-10-01,24.8,24.8,0,1.0,
Skincare,La Roche-Posay,2021-11-01,25.5,25.5,0,1.0,
Skincare,La Roche-Posay,2021-12-01,25.0,25.0,0,1.0,
Skincare,La Roche-Posay,2022-01-01,26.2,26.2,0,1.0,
Skincare,La Roche-Posay,2022-02-01,26.0,26.0,0,1.0,
Skincare,La Roche-Posay,2022-03-01,25.25,25.25,0,1.0,
Skincare,La Roche-Posay,2022-04-01,25.0,25.0,0,1.0,
Skincare,La Roche-Posay,2022-05-01,27.6,27.6,0,1.0,
Skincare,La Roche-Posay,2022-06-01,30.5,30.5,0,1.0,
Skincare,La Roche-Posay,2022-07-01,41.8,41.8,0,1.0,
Skincare,La Roche-Posay,2022-08-01,40.75,40.75,0,1.0,
Skincare,La Roche-Posay,2022-09-01,47.0,47.0,0,1.0,
Skincare,La Roche-Posay,2022-10-01,40.8,40.8,0,1.0,
Skincare,La Roche-Posay,2022-11-01,45.25,45.25,0,1.0,
Skincare,La Roche-Posay,2022-12-01,44.5,44.5,0,1.0,
Skincare,La Roche-Posay,2023-01-01,43.6,43.6,0,1.0,
Skincare,La Roche-Posay,2023-02-01,39.0,39.0,0,1.0,
Skincare,La Roche-Posay,2023-03-01,35.25,35.25,0,1.0,
Skincare,La Roche-Posay,2023-04-01,37.2,37.2,0,1.0,
Skincare,La Roche-Posay,2023-05-01,43.5,43.5,0,1.0,
Skincare,La Roche-Posay,2023-06-01,45.5,45.5,0,1.0,
Skincare,La Roche-Posay,2023-07-01,51.6,51.6,0,1.0,
Skincare,La Roche-Posay,2023-08-01,47.5,47.5,0,1.0,
Skincare,La Roche-Posay,2023-09-01,53.5,53.5,0,1.0,
Skincare,La Roche-Posay,2023-10-01,45.6,45.6,0,1.0,
Skincare,La Roche-Posay,2023-11-01,49.5,49.5,0,1.0,
Skincare,La Roche-Posay,2023-12-01,48.8,48.8,0,1.0,
Skincare,La Roche-Posay,2024-01-01,67.0,67.0,0,1.0,
Skincare,La Roche-Posay,2024-02-01,46.25,46.25,0,1.0,
Skincare,La Roche-Posay,2024-03-01,48.2,48.2,0,1.0,
Skincare,La Roche-Posay,2024-04-01,45.0,45.0,0,1.0,
Skincare,La Roche-Posay,2024-05-01,49.25,49.25,0,1.0,
Skincare,La Roche-Posay,2024-06-01,50.0,50.0,0,1.0,
Skincare,La Roche-Posay,2024-07-01,50.75,50.75,0,1.0,
Skincare,La Roche-Posay,2024-08-01,49.25,49.25,0,1.0,
Skincare,La Roche-Posay,2024-09-01,56.0,56.0,0,1.0,
Skincare,La Roche-Posay,2024-10-01,52.75,52.75,0,1.0,
Skincare,La Roche-Posay,2024-11-01,60.0,60.0,0,1.0,
Skincare,La Roche-Posay,2024-12-01,52.8,52.8,0,1.0,
Skincare,La Roche-Posay,2025-01-01,60.0,60.0,0,1.0,
Skincare,La Roche-Posay,2025-02-01,46.75,46.75,0,1.0,
Skincare,La Roche-Posay,2025-03-01,50.0,50.0,0,1.0,
Skincare,SkinCeuticals,2021-08-01,4.960968178014292,23.0,1,0.21569426860931704,
Skincare,SkinCeuticals,2021-09-01,6.093363088213207,28.25,1,0.21569426860931704,
Skincare,SkinCeuticals,2021-10-01,4.702135055683112,21.8,1,0.21569426860931704,
Skincare,SkinCeuticals,2021-11-01,5.392356715232926,25.0,1,0.21569426860931704,
Skincare,SkinCeuticals,2021-12-01,5.284509580928267,24.5,1,0.21569426860931704,
Skincare,SkinCeuticals,2022-01-01,4.960968178014292,23.0,1,0.21569426860931704,
Skincare,SkinCeuticals,2022-02-01,5.446280282385255,25.25,1,0.21569426860931704,
Skincare,SkinCeuticals,2022-03-01,6.524751625431841,30.25,1,0.21569426860931704,
Skincare,SkinCeuticals,2022-04-01,6.632598759736499,30.75,1,0.21569426860931704,
Skincare,SkinCeuticals,2022-05-01,6.082578374782741,28.2,1,0.21569426860931704,
Skincare,SkinCeuticals,2022-06-01,5.6619745509945725,26.25,1,0.21569426860931704,
Skincare,SkinCeuticals,2022-07-01,6.686522326888828,31.0,1,0.21569426860931704,
Skincare,SkinCeuticals,2022-08-01,7.603222968478425,35.25,1,0.21569426860931704,
Skincare,SkinCeuticals,2022-09-01,6.093363088213207,28.25,1,0.21569426860931704,
Skincare,SkinCeuticals,2022-10-01,6.513966912001374,30.2,1,0.21569426860931704,
Skincare,SkinCeuticals,2022-11-01,8.196382207154047,38.0,1,0.21569426860931704,
Skincare,SkinCeuticals,2022-12-01,6.147286655365535,28.5,1,0.21569426860931704,
Skincare,SkinCeuticals,2023-01-01,5.56491213012038,25.8,1,0.21569426860931704,
Skincare,SkinCeuticals,2023-02-01,5.769821685299231,26.75,1,0.21569426860931704,
Skincare,SkinCeuticals,2023-03-01,5.82374525245156,27.0,1,0.21569426860931704,
Skincare,SkinCeuticals,2023-04-01,6.384550350835784,29.6,1,0.21569426860931704,
Skincare,SkinCeuticals,2023-05-01,7.171834431259791,33.25,1,0.21569426860931704,
Skincare,SkinCeuticals,2023-06-01,6.524751625431841,30.25,1,0.21569426860931704,
Skincare,SkinCeuticals,2023-07-01,7.074772010385598,32.8,1,0.21569426860931704,
Skincare,SkinCeuticals,2023-08-01,7.711070102783084,35.75,1,0.21569426860931704,
Skincare,SkinCeuticals,2023-09-01,7.171834431259791,33.25,1,0.21569426860931704,
Skincare,SkinCeuticals,2023-10-01,7.549299401326096,35.0,1,0.21569426860931704,
Skincare,SkinCeuticals,2023-11-01,8.78954144582967,40.75,1,0.21569426860931704,
Skincare,SkinCeuticals,2023-12-01,6.082578374782741,28.2,1,0.21569426860931704,
Skincare,SkinCeuticals,2024-01-01,5.500203849537584,25.5,1,0.21569426860931704,
Skincare,SkinCeuticals,2024-02-01,6.093363088213207,28.25,1,0.21569426860931704,
Skincare,SkinCeuticals,2024-03-01,6.470828058279511,30.0,1,0.21569426860931704,
Skincare,SkinCeuticals,2024-04-01,5.985515953908548,27.75,1,0.21569426860931704,
Skincare,SkinCeuticals,2024-05-01,6.039439521060877,28.0,1,0.21569426860931704,
Skincare,SkinCeuticals,2024-06-01,5.56491213012038,25.8,1,0.21569426860931704,
Skincare,SkinCeuticals,2024-07-01,6.039439521060877,28.0,1,0.21569426860931704,
Skincare,SkinCeuticals,2024-08-01,6.524751625431841,30.25,1,0.21569426860931704,
Skincare,SkinCeuticals,2024-09-01,6.772800034332555,31.4,1,0.21569426860931704,
Skincare,SkinCeuticals,2024-10-01,6.848293028345816,31.75,1,0.21569426860931704,
Skincare,SkinCeuticals,2024-11-01,9.490547818809949,44.0,1,0.21569426860931704,
Skincare,SkinCeuticals,2024-12-01,7.161049717829326,33.2,1,0.21569426860931704,
Skincare,SkinCeuticals,2025-01-01,7.171834431259791,33.25,1,0.21569426860931704,
Skincare,SkinCeuticals,2025-02-01,6.5786751925841696,30.5,1,0.21569426860931704,
Skincare,SkinCeuticals,2025-03-01,7.161049717829326,33.2,1,0.21569426860931704,
Skincare,Software,2021-08-01,3.4511082977490726,16.0,1,0.21569426860931704,
Skincare,Software,2021-09-01,3.505031864901402,16.25,1,0.21569426860931704,
Skincare,Software,2021-10-01,3.2354140291397555,15.0,1,0.21569426860931704,
Skincare,Software,2021-11-01,3.558955432053731,16.5,1,0.21569426860931704,
Skincare,Software,2021-12-01,3.2354140291397555,15.0,1,0.21569426860931704,
Skincare,Software,2022-01-01,5.521773276398516,25.6,1,0.21569426860931704,
Skincare,Software,2022-02-01,6.470828058279511,30.0,1,0.21569426860931704,
Skincare,Software,2022-03-01,6.524751625431841,30.25,1,0.21569426860931704,
Skincare,Software,2022-04-01,6.255133789670194,29.0,1,0.21569426860931704,
Skincare,Software,2022-05-01,6.772800034332555,31.4,1,0.21569426860931704,
Skincare,Software,2022-06-01,6.093363088213207,28.25,1,0.21569426860931704,
Skincare,Software,2022-07-01,6.643383473166965,30.8,1,0.21569426860931704,
Skincare,Software,2022-08-01,7.117910864107462,33.0,1,0.21569426860931704,
Skincare,Software,2022-09-01,5.608050983842243,26.0,1,0.21569426860931704,
Skincare,Software,2022-10-01,5.9100229598952865,27.4,1,0.21569426860931704,
Skincare,Software,2022-11-01,5.554127416689914,25.75,1,0.21569426860931704,
Skincare,Software,2022-12-01,5.284509580928267,24.5,1,0.21569426860931704,
Skincare,Software,2023-01-01,5.306079007789199,24.6,1,0.21569426860931704,
Skincare,Software,2023-02-01,6.686522326888828,31.0,1,0.21569426860931704,
Skincare,Software,2023-03-01,6.956140162650474,32.25,1,0.21569426860931704,
Skincare,Software,2023-04-01,5.996300667339014,27.8,1,0.21569426860931704,
Skincare,Software,2023-05-01,6.956140162650474,32.25,1,0.21569426860931704,
Skincare,Software,2023-06-01,6.3629809239748525,29.5,1,0.21569426860931704,
Skincare,Software,2023-07-01,6.988494302941872,32.4,1,0.21569426860931704,
Skincare,Software,2023-08-01,6.848293028345816,31.75,1,0.21569426860931704,
Skincare,Software,2023-09-01,6.309057356822524,29.25,1,0.21569426860931704,
Skincare,Software,2023-10-01,5.9100229598952865,27.4,1,0.21569426860931704,
Skincare,Software,2023-11-01,5.554127416689914,25.75,1,0.21569426860931704,
Skincare,Software,2023-12-01,5.306079007789199,24.6,1,0.21569426860931704,
Skincare,Software,2024-01-01,6.093363088213207,28.25,1,0.21569426860931704,
Skincare,Software,2024-02-01,7.387528699869108,34.25,1,0.21569426860931704,
Skincare,Software,2024-03-01,7.46302169388237,34.6,1,0.21569426860931704,
Skincare,Software,2024-04-01,6.794369461193487,31.5,1,0.21569426860931704,
Skincare,Software,2024-05-01,7.657146535630755,35.5,1,0.21569426860931704,
Skincare,Software,2024-06-01,6.557105765723238,30.4,1,0.21569426860931704,
Skincare,Software,2024-07-01,7.764993669935413,36.0,1,0.21569426860931704,
Skincare,Software,2024-08-01,7.441452267021438,34.5,1,0.21569426860931704,
Skincare,Software,2024-09-01,6.686522326888828,31.0,1,0.21569426860931704,
Skincare,Software,2024-10-01,6.524751625431841,30.25,1,0.21569426860931704,
Skincare,Software,2024-11-01,5.446280282385255,25.25,1,0.21569426860931704,
Skincare,Software,2024-12-01,5.349217861511063,24.8,1,0.21569426860931704,
Skincare,Software,2025-01-01,5.608050983842243,26.0,1,0.21569426860931704,
Skincare,Software,2025-02-01,7.010063729802804,32.5,1,0.21569426860931704,
Skincare,Software,2025-03-01,7.117910864107462,33.0,1,0.21569426860931704,
Skincare,The Secret Skincare,2021-08-01,0.0,0.0,1,0.21569426860931704,
Skincare,The Secret Skincare,2021-09-01,0.0,0.0,1,0.21569426860931704,
Skincare,The Secret Skincare,2021-10-01,0.0,0.0,1,0.21569426860931704,
Skincare,The Secret Skincare,2021-11-01,0.0,0.0,1,0.21569426860931704,
Skincare,The Secret Skincare,2021-12-01,0.0,0.0,1,0.21569426860931704,
Skincare,The Secret Skincare,2022-01-01,0.0,0.0,1,0.21569426860931704,
Skincare,The Secret Skincare,2022-02-01,0.0,0.0,1,0.21569426860931704,
Skincare,The Secret Skincare,2022-03-01,0.0,0.0,1,0.21569426860931704,
Skincare,The Secret Skincare,2022-04-01,0.0,0.0,1,0.21569426860931704,
Skincare,The Secret Skincare,2022-05-01,0.0,0.0,1,0.21569426860931704,
Skincare,The Secret Skincare,2022-06-01,0.0,0.0,1,0.21569426860931704,
Skincare,The Secret Skincare,2022-07-01,0.0,0.0,1,0.21569426860931704,
Skincare,The Secret Skincare,2022-08-01,0.0,0.0,1,0.21569426860931704,
Skincare,The Secret Skincare,2022-09-01,0.0,0.0,1,0.21569426860931704,
Skincare,The Secret Skincare,2022-10-01,0.0,0.0,1,0.21569426860931704,
Skincare,The Secret Skincare,2022-11-01,0.0,0.0,1,0.21569426860931704,
Skincare,The Secret Skincare,2022-12-01,0.0,0.0,1,0.21569426860931704,
Skincare,The Secret Skincare,2023-01-01,0.3019719760530438,1.4,1,0.21569426860931704,
Skincare,The Secret Skincare,2023-02-01,0.5392356715232925,2.5,1,0.21569426860931704,
Skincare,The Secret Skincare,2023-03-01,0.21569426860931704,1.0,1,0.21569426860931704,
Skincare,The Secret Skincare,2023-04-01,0.733360513271678,3.4,1,0.21569426860931704,
Skincare,The Secret Skincare,2023-05-01,0.43138853721863407,2.0,1,0.21569426860931704,
Skincare,The Secret Skincare,2023-06-01,0.8627770744372681,4.0,1,0.21569426860931704,
Skincare,The Secret Skincare,2023-07-01,0.4745273909404975,2.2,1,0.21569426860931704,
Skincare,The Secret Skincare,2023-08-01,0.2696178357616463,1.25,1,0.21569426860931704,
Skincare,The Secret Skincare,2023-09-01,0.2696178357616463,1.25,1,0.21569426860931704,
Skincare,The Secret Skincare,2023-10-01,0.17255541488745363,0.8,1,0.21569426860931704,
Skincare,The Secret Skincare,2023-11-01,0.21569426860931704,1.0,1,0.21569426860931704,
Skincare,The Secret Skincare,2023-12-01,0.0,0.0,1,0.21569426860931704,
Skincare,The Secret Skincare,2024-01-01,0.0,0.0,1,0.21569426860931704,
Skincare,The Secret Skincare,2024-02-01,0.0,0.0,1,0.21569426860931704,
Skincare,The Secret Skincare,2024-03-01,0.0,0.0,1,0.21569426860931704,
Skincare,The Secret Skincare,2024-04-01,0.32354140291397554,1.5,1,0.21569426860931704,
Skincare,The Secret Skincare,2024-05-01,0.0,0.0,1,0.21569426860931704,
Skincare,The Secret Skincare,2024-06-01,0.17255541488745363,0.8,1,0.21569426860931704,
Skincare,The Secret Skincare,2024-07-01,0.0,0.0,1,0.21569426860931704,
Skincare,The Secret Skincare,2024-08-01,0.0,0.0,1,0.21569426860931704,
Skincare,The Secret Skincare,2024-09-01,0.0,0.0,1,0.21569426860931704,
Skincare,The Secret Skincare,2024-10-01,0.0,0.0,1,0.21569426860931704,
Skincare,The Secret Skincare,2024-11-01,0.0,0.0,1,0.21569426860931704,
Skincare,The Secret Skincare,2024-12-01,0.0,0.0,1,0.21569426860931704,
Skincare,The Secret Skincare,2025-01-01,0.0,0.0,1,0.21569426860931704,
Skincare,The Secret Skincare,2025-02-01,0.0,0.0,1,0.21569426860931704,
Skincare,The Secret Skincare,2025-03-01,0.0,0.0,1,0.21569426860931704,
Skincare,QR8 Mediskin,2021-08-01,0.0,0.0,90,0.2146854042971253,
Skincare,QR8 Mediskin,2021-09-01,0.0,0.0,90,0.2146854042971253,
Skincare,QR8 Mediskin,2021-10-01,0.0,0.0,90,0.2146854042971253,
Skincare,QR8 Mediskin,2021-11-01,0.0,0.0,90,0.2146854042971253,
Skincare,QR8 Mediskin,2021-12-01,0.0,0.0,90,0.2146854042971253,
Skincare,QR8 Mediskin,2022-01-01,0.0,0.0,90,0.2146854042971253,
Skincare,QR8 Mediskin,2022-02-01,0.0,0.0,90,0.2146854042971253,
Skincare,QR8 Mediskin,2022-03-01,0.16101405322284396,0.75,90,0.2146854042971253,
Skincare,QR8 Mediskin,2022-04-01,0.0,0.0,90,0.2146854042971253,
Skincare,QR8 Mediskin,2022-05-01,0.0,0.0,90,0.2146854042971253,
Skincare,QR8 Mediskin,2022-06-01,0.0,0.0,90,0.2146854042971253,
Skincare,QR8 Mediskin,2022-07-01,0.0,0.0,90,0.2146854042971253,
Skincare,QR8 Mediskin,2022-08-01,0.0,0.0,90,0.2146854042971253,
Skincare,QR8 Mediskin,2022-09-01,0.0,0.0,90,0.2146854042971253,
Skincare,QR8 Mediskin,2022-10-01,0.0,0.0,90,0.2146854042971253,
Skincare,QR8 Mediskin,2022-11-01,0.0,0.0,90,0.2146854042971253,
Skincare,QR8 Mediskin,2022-12-01,0.0,0.0,90,0.2146854042971253,
Skincare,QR8 Mediskin,2023-01-01,0.0,0.0,90,0.2146854042971253,
Skincare,QR8 Mediskin,2023-02-01,0.0,0.0,90,0.2146854042971253,
Skincare,QR8 Mediskin,2023-03-01,0.26835675537140663,1.25,90,0.2146854042971253,
Skincare,QR8 Mediskin,2023-04-01,0.0,0.0,90,0.2146854042971253,
Skincare,QR8 Mediskin,2023-05-01,0.0,0.0,90,0.2146854042971253,
Skincare,QR8 Mediskin,2023-06-01,0.0,0.0,90,0.2146854042971253,
Skincare,QR8 Mediskin,2023-07-01,0.2146854042971253,1.0,90,0.2146854042971253,
Skincare,QR8 Mediskin,2023-08-01,0.0,0.0,90,0.2146854042971253,
Skincare,QR8 Mediskin,2023-09-01,0.0,0.0,90,0.2146854042971253,
Skincare,QR8 Mediskin,2023-10-01,0.0,0.0,90,0.2146854042971253,
Skincare,QR8 Mediskin,2023-11-01,0.2146854042971253,1.0,90,0.2146854042971253,
Skincare,QR8 Mediskin,2023-12-01,0.17174832343770025,0.8,90,0.2146854042971253,
Skincare,QR8 Mediskin,2024-01-01,0.0,0.0,90,0.2146854042971253,
Skincare,QR8 Mediskin,2024-02-01,0.0,0.0,90,0.2146854042971253,
Skincare,QR8 Mediskin,2024-03-01,0.0,0.0,90,0.2146854042971253,
Skincare,QR8 Mediskin,2024-04-01,0.0,0.0,90,0.2146854042971253,
Skincare,QR8 Mediskin,2024-05-01,0.0,0.0,90,0.2146854042971253,
Skincare,QR8 Mediskin,2024-06-01,0.0,0.0,90,0.2146854042971253,
Skincare,QR8 Mediskin,2024-07-01,0.0,0.0,90,0.2146854042971253,
Skincare,QR8 Mediskin,2024-08-01,0.0,0.0,90,0.2146854042971253,
Skincare,QR8 Mediskin,2024-09-01,0.0,0.0,90,0.2146854042971253,
Skincare,QR8 Mediskin,2024-10-01,0.0,0.0,90,0.2146854042971253,
Skincare,QR8 Mediskin,2024-11-01,0.0,0.0,90,0.2146854042971253,
Skincare,QR8 Mediskin,2024-12-01,0.0,0.0,90,0.2146854042971253,
Skincare,QR8 Mediskin,2025-01-01,0.0,0.0,90,0.2146854042971253,
Skincare,QR8 Mediskin,2025-02-01,0.0,0.0,90,0.2146854042971253,
Skincare,QR8 Mediskin,2025-03-01,0.0,0.0,90,0.2146854042971253,
Skincare,Tommi,2021-08-01,0.0,0.0,90,0.2146854042971253,
Skincare,Tommi,2021-09-01,1.1270983725599077,5.25,90,0.2146854042971253,
Skincare,Tommi,2021-10-01,0.4293708085942506,2.0,90,0.2146854042971253,
Skincare,Tommi,2021-11-01,0.26835675537140663,1.25,90,0.2146854042971253,
Skincare,Tommi,2021-12-01,0.5903848618170946,2.75,90,0.2146854042971253,
Skincare,Tommi,2022-01-01,0.729930374610226,3.4,90,0.2146854042971253,
Skincare,Tommi,2022-02-01,0.4830421596685319,2.25,90,0.2146854042971253,
Skincare,Tommi,2022-03-01,1.019755670411345,4.75,90,0.2146854042971253,
Skincare,Tommi,2022-04-01,0.6440562128913758,3.0,90,0.2146854042971253,
Skincare,Tommi,2022-05-01,0.6011191320319508,2.8,90,0.2146854042971253,
Skincare,Tommi,2022-06-01,0.6440562128913758,3.0,90,0.2146854042971253,
Skincare,Tommi,2022-07-01,0.5581820511725257,2.6,90,0.2146854042971253,
Skincare,Tommi,2022-08-01,0.5367135107428133,2.5,90,0.2146854042971253,
Skincare,Tommi,2022-09-01,0.0,0.0,90,0.2146854042971253,
Skincare,Tommi,2022-10-01,0.3434966468754005,1.6,90,0.2146854042971253,
Skincare,Tommi,2022-11-01,0.26835675537140663,1.25,90,0.2146854042971253,
Skincare,Tommi,2022-12-01,0.4293708085942506,2.0,90,0.2146854042971253,
Skincare,Tommi,2023-01-01,0.2146854042971253,1.0,90,0.2146854042971253,
Skincare,Tommi,2023-02-01,0.0,0.0,90,0.2146854042971253,
Skincare,Tommi,2023-03-01,0.9124129682627825,4.25,90,0.2146854042971253,
Skincare,Tommi,2023-04-01,0.686993293750801,3.2,90,0.2146854042971253,
Skincare,Tommi,2023-05-01,0.4830421596685319,2.25,90,0.2146854042971253,
Skincare,Tommi,2023-06-01,0.26835675537140663,1.25,90,0.2146854042971253,
Skincare,Tommi,2023-07-01,0.2146854042971253,1.0,90,0.2146854042971253,
Skincare,Tommi,2023-08-01,0.0,0.0,90,0.2146854042971253,
Skincare,Tommi,2023-09-01,0.4293708085942506,2.0,90,0.2146854042971253,
Skincare,Tommi,2023-10-01,0.2146854042971253,1.0,90,0.2146854042971253,
Skincare,Tommi,2023-11-01,0.4293708085942506,2.0,90,0.2146854042971253,
Skincare,Tommi,2023-12-01,0.6440562128913758,3.0,90,0.2146854042971253,
Skincare,Tommi,2024-01-01,0.4830421596685319,2.25,90,0.2146854042971253,
Skincare,Tommi,2024-02-01,0.26835675537140663,1.25,90,0.2146854042971253,
Skincare,Tommi,2024-03-01,0.729930374610226,3.4,90,0.2146854042971253,
Skincare,Tommi,2024-04-01,0.2146854042971253,1.0,90,0.2146854042971253,
Skincare,Tommi,2024-05-01,0.5903848618170946,2.75,90,0.2146854042971253,
Skincare,Tommi,2024-06-01,0.7728674554696511,3.6,90,0.2146854042971253,
Skincare,Tommi,2024-07-01,0.4830421596685319,2.25,90,0.2146854042971253,
Skincare,Tommi,2024-08-01,0.4293708085942506,2.0,90,0.2146854042971253,
Skincare,Tommi,2024-09-01,0.2146854042971253,1.0,90,0.2146854042971253,
Skincare,Tommi,2024-10-01,0.0,0.0,90,0.2146854042971253,
Skincare,Tommi,2024-11-01,0.6440562128913758,3.0,90,0.2146854042971253,
Skincare,Tommi,2024-12-01,0.7728674554696511,3.6,90,0.2146854042971253,
Skincare,Tommi,2025-01-01,0.0,0.0,90,0.2146854042971253,
Skincare,Tommi,2025-02-01,0.4830421596685319,2.25,90,0.2146854042971253,
Skincare,Tommi,2025-03-01,0.5152449703131007,2.4,90,0.2146854042971253,
